﻿{
    "code": 200,
    "msg": "请求成功",
    "result": {
        "act_info": [
            {
                "icon_url": "/operation/img/1478169868/1478761370286.png",
                "name": "尚硅谷福利专区之111.1专区",
                "url": "/oper/1478169868app.html"
            },
            {
                "icon_url": "/operation/img/1478763176/1478762941492.png",
                "name": "尚硅谷福利专区 黄金狗粮限量11.1元抢",
                "url": "/oper/1478763176app.html"
            }
        ],
	"aaa_info": [
            {
                "icon_url": "/ssy.png",               
                "url": "/oper/1478169868app.html",
		"visibility":"View.VISIBLE"
            },
            {
                "icon_url": "/xr.png",               
                "url": "/oper/1478763176app.html",
		"visibility":"visible"
            },
            {
                "icon_url": "/dl.png",
                "url": "/oper/1478763176app.html",
		"visibility":"visible"
            }
        ],
        "banner_info": [
            {
                "image": "/image1.png",
                "option": 1,
                "type": 0,
                "value": {
                    "url": "http://v.cvz5.com/h.vmIcfN"
                }
            },
            {
                "image": "/image2.png",
                "option": 2,
                "type": 0,
                "value": {
                    "url": "http://v.cvz5.com/h.vmqf4c"
                }
            },
            {
                "image": "/image3.png",
                "option": 3,
                "type": 0,
                "value": {
                    "url": "http://v.cvz5.com/h.vmt6xo"
                }
            },
            {
                "image": "/image4.png",
                "option": 4,
                "type": 0,
                "value": {
                    "url": "http://v.cvz5.com/h.vmtETx"
                }
            },
            {
                "image": "/image5.png",
                "option": 5,
                "type": 0,
                "value": {
                    "url": "http://v.cvz5.com/h.vmtBdh"
                }
            },
            {
                "image": "/image6.png",
                "option": 6,
                "type": 0,
                "value": {
                    "url": "http://v.cvz5.com/h.vmvG81"
                }
            },
            {
                "image": "/image7.png",
                "option": 7,
                "type": 0,
                "value": {
                    "url": "http://v.cvz5.com/h.vmEDai"
                }
            },
            {
                "image": "/image8.png",
                "option": 8,
                "type": 0,
                "value": {
                    "url": "http://v.cvz5.com/h.vmvNwo"
                }
            }
        ],
        "channel_info": [
            {
                "channel_name": "天猫",
                "image": "/app/img/menu-1.png",
                "option": 2,
                "type": 1,
                "value": {
                    "channel_id": "1"
                }
            },
            {
                "channel_name": "聚划算",
                "image": "/app/img/menu-2.png",
                "option": 2,
                "type": 1,
                "value": {
                    "channel_id": "2"
                }
            },
            {
                "channel_name": "天猫国际",
                "image": "/app/img/menu-3.png",
                "option": 2,
                "type": 1,
                "value": {
                    "channel_id": "3"
                }
            },
            {
                "channel_name": "外卖",
                "image": "/app/img/menu-4.png",
                "option": 2,
                "type": 1,
                "value": {
                    "channel_id": "4"
                }
            },
            {
                "channel_name": "天猫超市",
                "image": "/app/img/menu-5.png",
                "option": 2,
                "type": 1,
                "value": {
                    "channel_id": "5"
                }
            },
            {
                "channel_name": "充值中心",
                "image": "/app/img/menu-6.png",
                "option": 2,
                "type": 1,
                "value": {
                    "channel_id": "6"
                }
            },
            {
                "channel_name": "飞猪旅行",
                "image": "/app/img/menu-7.png",
                "option": 2,
                "type": 1,
                "value": {
                    "channel_id": "7"
                }
            },
            {
                "channel_name": "领金币",
                "image": "/app/img/menu-8.png",
                "option": 2,
                "type": 1,
                "value": {
                    "channel_id": "8"
                }
            },
            {
                "channel_name": "拍卖",
                "image": "/app/img/menu-9.png",
                "option": 2,
                "type": 1,
                "value": {
                    "channel_id": "9"
                }
            },
            {
                "channel_name": "分类",
                "image": "/app/img/menu-10.png",
                "option": 6,
                "type": 1,
                 "value": {
                    "channel_id": "10"
                }
            }
        ],
        "banner_goods_info": [
            {
                "image": "/image1/1.png",
                "option": 1,
                "type": 0,
                "value": {
                    "url": "http://v.cvz5.com/h.vmIcfN"
                }
            },
            {
                "image": "/image1/2.png",
                "option": 2,
                "type": 0,
                "value": {
                    "url": "http://v.cvz5.com/h.vmqf4c"
                }
            },
            {
                "image": "/image1/3.png",
                "option": 3,
                "type": 0,
                "value": {
                    "url": "http://v.cvz5.com/h.vmt6xo"
                }
            },
            {
                "image": "/image1/4.png",
                "option": 4,
                "type": 0,
                "value": {
                    "url": "http://v.cvz5.com/h.vmtETx"
                }
            },
            {
                "image": "/image1/5.png",
                "option": 5,
                "type": 0,
                "value": {
                    "url": "http://v.cvz5.com/h.vmtBdh"
                }
            }
        ],
        "recommend_info": [
            {
                "cover_price": "2289",
                "figure": "/recommend1.png",
                "name": "2017秋季新款皮面街拍小白鞋女鞋学生百搭帆布鞋韩版休闲港风板鞋",
                "product_id": "10659"
            },
            {
                "cover_price": "68",
                "figure": "/recommend2.png",
                "name": "彩虹牌电热毯单人电褥子宿舍加厚无辐射学生床安全调温型双人防水",
                "product_id": "10658"
            },
            {
                "cover_price": "29.9",
                "figure": "/recommend3.png",
                "name": "超硬加厚合金钢棒球棍车载防身棒球棒打架武器家庭防卫用品棒球杆",
                "product_id": "10657"
            },
            {
                "cover_price": "50.00",
                "figure": "/recommend4.png",
                "name": "【毛拖定金专拍，10.31 20点开拍，单拍无效】葡萄妈马衔扣毛拖",
                "product_id": "10656"
            },
            {
                "cover_price": "1,599",
                "figure": "/recommend5.png",
                "name": "Midea/美的 F80-30W7(HD)电热水器储水式家用洗澡80升即热速热60",
                "product_id": "10655"
            },
            {
                "cover_price": "49.9",
                "figure": "/recommend6.png",
                "name": "茗梵2017新款打底裤袜女外穿黑色裤子加绒加厚棉冬秋季韩版百搭",
                "product_id": "10654"
            }
        ],
        "seckill_info": {
            "end_time": "1479052800",
            "list": [
                {
                    "cover_price": "1500.00",
                    "figure": "/seckill1.png",
                    "name": "尚硅谷购物节特供优惠券  满600-120优惠券",
                    "origin_price": "2000.00",
                    "product_id": "7100"
                },
                {
                    "cover_price": "2800.00",
                    "figure": "/seckill2.png",
                    "name": "尚硅谷购物节特供优惠券  满300-80优惠券",
                    "origin_price": "3500.00",
                    "product_id": "7101"
                },
                {
                    "cover_price": "3000.00",
                    "figure": "/seckill3.png",
                    "name": "尚硅谷购物节特供优惠券  满160-40优惠券",
                    "origin_price": "4000.00",
                    "product_id": "7102"
                },
                {
                    "cover_price": "3725.00",
                    "figure": "/seckill4.png",
                    "name": "【古风原创】 自动直柄伞 晴雨伞 【云鹤游】包邮  新增折叠伞",
                    "origin_price": "5000.00",
                    "product_id": "9593"
                },
                {
                    "cover_price": "8000.00",
                    "figure": "/seckill5.png",
                    "name": "尚硅谷购物节特供优惠券  满60-20优惠券",
                    "origin_price": "9000.00",
                    "product_id": "10536"
                },
                {
                    "cover_price": "12000.00",
                    "figure": "/seckill6.png",
                    "name": "【古风原创】 自动直柄伞 晴雨伞 【青竹词】包邮  新增折叠伞",
                    "origin_price": "10000.00",
                    "product_id": "555"
                }
            ],
           
	
            "start_time": "1478772000"
        },
        "seck_info": {
            "end_time": "1479052800",
            "list": [
                {
                    "cover_price": "20.00",
                    "figure": "/1478489000522.png",
                    "name": "吉利博越 2017款 1.8T 手自一体 智联版",
                    "origin_price": "20.00",
                    "product_id": "7100"
                },
                {
                    "cover_price": "10.00",
                    "figure": "/1478489035167.png",
                    "name": "吉利帝豪 2017款 百万款 1.3T CVT 尊贵版",
                    "origin_price": "10.00",
                    "product_id": "7101"
                },
                {
                    "cover_price": "5.00",
                    "figure": "/1478489878735.png",
                    "name": "吉利博瑞 2017款 2.4L 舒适型",
                    "origin_price": "5.00",
                    "product_id": "7102"
                },
                {
                    "cover_price": "49.00",
                    "figure": "/1475045805488.jpg",
                    "name": "远景SUV 2016款 1.3T CVT 豪华版",
                    "origin_price": "69.00",
                    "product_id": "9593"
                },
                {
                    "cover_price": "5.00",
                    "figure": "/1478678511949.png",
                    "name": "帝豪GL 2017款 1.3T DCT 旗舰型",
                    "origin_price": "5.00",
                    "product_id": "10536"
                },
                {
                    "cover_price": "49.00",
                    "figure": "/1438680345318.jpg",
                    "name": "帝豪GS 2017款 运动版 1.3T 双离合 智联版",
                    "origin_price": "59.00",
                    "product_id": "555"
                }
            ],
           
	
            "start_time": "1478772000"
        }
	
    }
}