﻿{
    "code": 200,
    "msg": "请求成功",
    "result": {
        "brand_data": false,
        "catalog_data": false,
        "is_recommended": "0",
        "page_data": [
            {
                "brand_id": "77",
                "brief": "0",
                "channel_id": "2017款 1.8T 手自一体 智联版",
                "cover_price": "125800.00",
                "figure": "1.png/2.png/3.png/4.png/5.png",
                "name": "吉利博越",
                "origin_price": "127800.00",
                "p_catalog_id": "22",
                "product_id": "1365"
            },
            {
                "brand_id": "77",
                "brief": "0",
                "channel_id": "2017款 百万款 1.3T CVT 尊贵版",
                "cover_price": "90800.00",
                "figure": "image2.png/13.png/16.png/14.png/15.png",
                "name": "吉利帝豪",
                "origin_price": "108000.00",
                "p_catalog_id": "73",
                "product_id": "6036"
            },
            {
                "brand_id": "77",
                "brief": "0",
                "channel_id": "2017款 2.4L 舒适型",
                "cover_price": "126800.00",
                "figure": "image3.png/2.png/3.png/4.png/5.png",
                "name": "吉利博瑞",
                "origin_price": "129800.00",
                "p_catalog_id": "70",
                "product_id": "3722"
            },
            {
                "brand_id": "77",
                "brief": "0",
                "channel_id": "2016款 1.3T CVT 豪华版",
                "cover_price": "92900.00",
                "figure": "image4.png/7.png/8.png/9.png/10.png",
                "name": "远景SUV",
                "origin_price": "94900.00",
                "p_catalog_id": "82",
                "product_id": "3346"
            },
            {
                "brand_id": "77",
                "brief": "0",
                "channel_id": "2017款 1.3T DCT 旗舰型",
                "cover_price": "110800.00",
                "figure": "image5.png/2.png/3.png/4.png/5.png",
                "name": "帝豪GL",
                "origin_price": "113800.00",
                "p_catalog_id": "22",
                "product_id": "291"
            },
            {
                "brand_id": "254",
                "brief": "0",
                "channel_id": "2017款 运动版 1.3T 双离合 智联版",
                "cover_price": "110800.00",
                "figure": "image6.png/2.png/3.png/4.png/5.png",
                "name": "帝豪GS",
                "origin_price": "111800.00",
                "p_catalog_id": "22",
                "product_id": "10577"
            },
            {
                "brand_id": "383",
                "brief": "0",
                "channel_id": "2017款 1.5L 自动 尊贵型",
                "cover_price": "65800.00",
                "figure": "image7.png/2.png/3.png/4.png/5.png",
                "name": "远景X3",
                "origin_price": "65900.00",
                "p_catalog_id": "56",
                "product_id": "10613"
            },
            {
                "brand_id": "383",
                "brief": "0",
                "channel_id": "2018款 1.4T CVT 锋睿版",
                "cover_price": "101900.00",
                "figure": "image8.png/2.png/3.png/4.png/5.png",
                "name": "远景S1",
                "origin_price": "102900.00",
                "p_catalog_id": "56",
                "product_id": "10606"
            }
        ]
    }
}